{
    "name": "cleandata",
    "properties": {
        "linkedServiceName": {
            "referenceName": "AzureBlobStorage1",
            "type": "LinkedServiceReference"
        },
        "parameters": {
            "filename": {
                "type": "string"
            }
        },
        "annotations": [],
        "type": "DelimitedText",
        "typeProperties": {
            "location": {
                "type": "AzureBlobStorageLocation",
                "fileName": {
                    "value": "@dataset().filename",
                    "type": "Expression"
                },
                "folderPath": "output",
                "container": "hairlossdata"
            },
            "columnDelimiter": ",",
            "escapeChar": "\\",
            "firstRowAsHeader": true,
            "quoteChar": "\""
        },
        "schema": []
    },
    "type": "Microsoft.DataFactory/factories/datasets"
}