{
    "now": "2023-12-04T18:45:47.064Z",
    "perfNow": 45330897.099999994,
    "diagnosticCorrelation": "3a84f8e9-0ce3-4d54-ba35-8e9b28e31a67",
    "source": "DownloadSupportFiles",
    "environment": {
        "productName": "adf",
        "buildVersion": "1.0.112723.0",
        "environmentType": 3,
        "resourceName": "HairLossADF",
        "resourceRegion": "eastus",
        "resourceGroup": "HairLossApp-RG",
        "subscriptionId": "b2ee8b0a-a86f-460a-a654-948fd3323cb5",
        "sessionId": "HcQL3r+A0PlZJ8RrokFLlo",
        "operationId": "",
        "gitType": "live",
        "loggingKey": "5806ed98-3eab-4041-8913-45221de42d15"
    },
    "additionalInfo": {
        "selectedResource": "cleandata",
        "selectedResourceType": "dataset"
    }
}