{
    "$schema": "http://schema.management.azure.com/schemas/2015-01-01/deploymentTemplate.json#",
    "contentVersion": "1.0.0.0",
    "parameters": {
        "factoryName": {
            "type": "string",
            "metadata": "Data Factory name",
            "defaultValue": "HairLossADF"
        },
        "dataFactory_location": {
            "type": "string",
            "defaultValue": "eastus"
        },
        "dataFactory_identity_type": {
            "type": "string",
            "defaultValue": "SystemAssigned"
        }
    },
    "variables": {
        "factoryId": "[concat('Microsoft.DataFactory/factories/', parameters('factoryName'))]"
    },
    "resources": [
        {
            "name": "[parameters('factoryName')]",
            "type": "Microsoft.DataFactory/factories",
            "apiVersion": "2018-06-01",
            "properties": {},
            "dependsOn": [],
            "location": "[parameters('dataFactory_location')]",
            "identity": {
                "type": "[parameters('dataFactory_identity_type')]",
                "principalId": "ef5f2fa6-c25a-4cbf-a7ee-808abd7477da",
                "tenantId": "420ec589-a866-4ad0-9a57-e6049e0d3bc0"
            }
        }
    ]
}