{
    "$schema": "http://schema.management.azure.com/schemas/2015-01-01/deploymentTemplate.json#",
    "contentVersion": "1.0.0.0",
    "parameters": {
        "factoryName": {
            "type": "string",
            "metadata": "Data Factory name",
            "defaultValue": "HairLossADF"
        },
        "AzureBlobStorage1_connectionString": {
            "type": "secureString",
            "metadata": "Secure string for 'connectionString' of 'AzureBlobStorage1'"
        }
    },
    "variables": {
        "factoryId": "[concat('Microsoft.DataFactory/factories/', parameters('factoryName'))]"
    },
    "resources": [
        {
            "name": "[concat(parameters('factoryName'), '/AzureBlobStorage1')]",
            "type": "Microsoft.DataFactory/factories/linkedServices",
            "apiVersion": "2018-06-01",
            "properties": {
                "annotations": [],
                "type": "AzureBlobStorage",
                "typeProperties": {
                    "connectionString": "[parameters('AzureBlobStorage1_connectionString')]"
                }
            },
            "dependsOn": []
        },
        {
            "name": "[concat(parameters('factoryName'), '/input')]",
            "type": "Microsoft.DataFactory/factories/datasets",
            "apiVersion": "2018-06-01",
            "properties": {
                "linkedServiceName": {
                    "referenceName": "AzureBlobStorage1",
                    "type": "LinkedServiceReference"
                },
                "annotations": [],
                "type": "Excel",
                "typeProperties": {
                    "sheetName": "Worksheet",
                    "location": {
                        "type": "AzureBlobStorageLocation",
                        "fileName": "hair_loss_dataset.xlsx",
                        "container": "hairlossdata"
                    },
                    "firstRowAsHeader": true
                },
                "schema": [
                    {
                        "name": "total_protein",
                        "type": "String"
                    },
                    {
                        "name": "total_keratine",
                        "type": "String"
                    },
                    {
                        "name": "hair_texture",
                        "type": "String"
                    },
                    {
                        "name": "vitamin",
                        "type": "String"
                    },
                    {
                        "name": "manganese",
                        "type": "String"
                    },
                    {
                        "name": "iron",
                        "type": "String"
                    },
                    {
                        "name": "calcium",
                        "type": "String"
                    },
                    {
                        "name": "body_water_content",
                        "type": "String"
                    },
                    {
                        "name": "stress_level",
                        "type": "String"
                    },
                    {
                        "name": "liver_data",
                        "type": "String"
                    },
                    {
                        "name": "hair_fall",
                        "type": "String"
                    }
                ]
            },
            "dependsOn": [
                "[concat(variables('factoryId'), '/linkedServices/AzureBlobStorage1')]"
            ]
        },
        {
            "name": "[concat(parameters('factoryName'), '/cleandata')]",
            "type": "Microsoft.DataFactory/factories/datasets",
            "apiVersion": "2018-06-01",
            "properties": {
                "linkedServiceName": {
                    "referenceName": "AzureBlobStorage1",
                    "type": "LinkedServiceReference"
                },
                "annotations": [],
                "type": "DelimitedText",
                "typeProperties": {
                    "location": {
                        "type": "AzureBlobStorageLocation",
                        "fileName": "cleandataset",
                        "folderPath": "output",
                        "container": "hairlossdata"
                    },
                    "columnDelimiter": ",",
                    "escapeChar": "\\",
                    "firstRowAsHeader": true,
                    "quoteChar": "\""
                },
                "schema": []
            },
            "dependsOn": [
                "[concat(variables('factoryId'), '/linkedServices/AzureBlobStorage1')]"
            ]
        },
        {
            "name": "[concat(parameters('factoryName'), '/HairLossPipeline')]",
            "type": "Microsoft.DataFactory/factories/dataflows",
            "apiVersion": "2018-06-01",
            "properties": {
                "description": "",
                "type": "MappingDataFlow",
                "typeProperties": {
                    "sources": [
                        {
                            "dataset": {
                                "referenceName": "input",
                                "type": "DatasetReference"
                            },
                            "name": "IngestData"
                        }
                    ],
                    "sinks": [
                        {
                            "dataset": {
                                "referenceName": "cleandata",
                                "type": "DatasetReference"
                            },
                            "name": "Cleandataset"
                        }
                    ],
                    "transformations": [
                        {
                            "name": "DataPreprocessing"
                        }
                    ],
                    "scriptLines": [
                        "source(output(",
                        "          total_protein as string,",
                        "          total_keratine as string,",
                        "          hair_texture as string,",
                        "          vitamin as string,",
                        "          manganese as string,",
                        "          iron as string,",
                        "          calcium as string,",
                        "          body_water_content as string,",
                        "          stress_level as string,",
                        "          liver_data as string,",
                        "          hair_fall as string",
                        "     ),",
                        "     allowSchemaDrift: false,",
                        "     validateSchema: false,",
                        "     limit: 60000,",
                        "     ignoreNoFilesFound: false) ~> IngestData",
                        "IngestData select(mapColumn(",
                        "          protein = total_protein,",
                        "          keratine = total_keratine,",
                        "          hair_texture,",
                        "          vitamin,",
                        "          manganese,",
                        "          iron,",
                        "          calcium,",
                        "          body_water_content,",
                        "          stress_level,",
                        "          liver_data,",
                        "          hair_fall",
                        "     ),",
                        "     skipDuplicateMapInputs: true,",
                        "     skipDuplicateMapOutputs: true) ~> DataPreprocessing",
                        "DataPreprocessing sink(allowSchemaDrift: true,",
                        "     validateSchema: true,",
                        "     skipDuplicateMapInputs: true,",
                        "     skipDuplicateMapOutputs: true) ~> Cleandataset"
                    ]
                }
            },
            "dependsOn": [
                "[concat(variables('factoryId'), '/datasets/input')]",
                "[concat(variables('factoryId'), '/datasets/cleandata')]"
            ]
        },
        {
            "name": "[concat(parameters('factoryName'), '/pipeline1')]",
            "type": "Microsoft.DataFactory/factories/pipelines",
            "apiVersion": "2018-06-01",
            "properties": {
                "activities": [
                    {
                        "name": "HairLossP1",
                        "type": "ExecuteDataFlow",
                        "dependsOn": [],
                        "policy": {
                            "timeout": "0.12:00:00",
                            "retry": 0,
                            "retryIntervalInSeconds": 30,
                            "secureOutput": false,
                            "secureInput": false
                        },
                        "userProperties": [],
                        "typeProperties": {
                            "dataflow": {
                                "referenceName": "HairLossPipeline",
                                "type": "DataFlowReference",
                                "parameters": {},
                                "datasetParameters": {
                                    "IngestData": {},
                                    "Cleandataset": {}
                                },
                                "linkedServiceParameters": {}
                            },
                            "staging": {},
                            "compute": {
                                "coreCount": 8,
                                "computeType": "General"
                            },
                            "traceLevel": "Fine"
                        }
                    }
                ],
                "policy": {
                    "elapsedTimeMetric": {}
                },
                "annotations": []
            },
            "dependsOn": [
                "[concat(variables('factoryId'), '/dataflows/HairLossPipeline')]"
            ]
        }
    ]
}