{
    "$schema": "https://schema.management.azure.com/schemas/2015-01-01/deploymentParameters.json#",
    "contentVersion": "1.0.0.0",
    "parameters": {
        "name": {
            "value": "hairlossdashboard"
        },
        "location": {
            "value": "northeurope"
        },
        "sku": {
            "value": "A1"
        },
        "admin": {
            "value": "aakash.sukre@ucdconnect.ie"
        },
        "tags": {
            "value": {}
        },
        "mode": {
            "value": "Gen2"
        }
    }
}