{
    "$schema": "http://schema.management.azure.com/schemas/2014-04-01-preview/deploymentTemplate.json#",
    "contentVersion": "1.0.0.0",
    "parameters": {
        "name": {
            "type": "String"
        },
        "location": {
            "type": "String"
        },
        "sku": {
            "allowedValues": [
                "A1",
                "A2",
                "A3",
                "A4",
                "A5",
                "A6",
                "A7",
                "A8"
            ],
            "type": "String"
        },
        "admin": {
            "type": "String"
        },
        "tags": {
            "type": "Object"
        },
        "mode": {
            "type": "String"
        }
    },
    "resources": [
        {
            "type": "Microsoft.PowerBIDedicated/capacities",
            "apiVersion": "2021-01-01",
            "name": "[parameters('name')]",
            "location": "[parameters('location')]",
            "tags": "[parameters('tags')]",
            "sku": {
                "name": "[parameters('sku')]"
            },
            "properties": {
                "administration": {
                    "members": [
                        "[parameters('admin')]"
                    ]
                },
                "mode": "[parameters('mode')]"
            }
        }
    ]
}